{
  "next_id": 93,
  "mapping": {
    "1": {
      "product_id": "6923602aa3f4f596bca7be7d",
      "image_id": "id_023_2_1763926058665.jpg"
    },
    "4": {
      "product_id": "6923602aa3f4f596bca7be7d",
      "image_id": "id_023_1_1763926174683.jpg"
    },
    "6": {
      "product_id": "69242f9165ef7a0567c7c063",
      "image_id": "id_024_2_1763979153438.jpg"
    },
    "7": {
      "product_id": "69242f9165ef7a0567c7c063",
      "image_id": "id_024_3_1763979153469.jpg"
    },
    "9": {
      "product_id": "69242fc865ef7a0567c7c083",
      "image_id": "id_023_4_1763979208309.jpg"
    },
    "14": {
      "product_id": "6924310065ef7a0567c7c1f4",
      "image_id": "id_032_3_1763979520087.jpg"
    },
    "15": {
      "product_id": "6924312665ef7a0567c7c20f",
      "image_id": "id_014_4_1763979558284.jpg"
    },
    "16": {
      "product_id": "6924314865ef7a0567c7c22a",
      "image_id": "id_016_2_1763979592769.jpg"
    },
    "17": {
      "product_id": "6924316a65ef7a0567c7c245",
      "image_id": "id_032_1_1763979626908.jpg"
    },
    "18": {
      "product_id": "692431a765ef7a0567c7c260",
      "image_id": "id_023_3_1763979687636.jpg"
    },
    "19": {
      "product_id": "692478f6f99bc2dae17a87cf",
      "image_id": "id_029_1_1763997941942.webp"
    },
    "20": {
      "product_id": "692478f6f99bc2dae17a87cf",
      "image_id": "id_029_2_1763997941959.webp"
    },
    "21": {
      "product_id": "692478f6f99bc2dae17a87cf",
      "image_id": "id_029_4_1763997941972.webp"
    },
    "22": {
      "product_id": "69247a1cf99bc2dae17a882a",
      "image_id": "id_025_1_1763998282597.webp"
    },
    "23": {
      "product_id": "69247a1cf99bc2dae17a882a",
      "image_id": "id_025_2_1763998282598.webp"
    },
    "24": {
      "product_id": "69247a1cf99bc2dae17a882a",
      "image_id": "id_025_3_1763998282601.webp"
    },
    "25": {
      "product_id": "69247a1cf99bc2dae17a882a",
      "image_id": "id_025_4_1763998282602.webp"
    },
    "26": {
      "product_id": "692488b0f99bc2dae17a8cd4",
      "image_id": "id_026_2_1764001968110.webp"
    },
    "27": {
      "product_id": "692488b0f99bc2dae17a8cd4",
      "image_id": "id_026_3_1764001968120.webp"
    },
    "28": {
      "product_id": "692488b0f99bc2dae17a8cd4",
      "image_id": "id_026_1_1764001968129.webp"
    },
    "29": {
      "product_id": "6924986db181156d272298d8",
      "image_id": "id_012_4_1764005997723.jpg"
    },
    "30": {
      "product_id": "6924986db181156d272298d8",
      "image_id": "id_012_5_1764005997745.jpg"
    },
    "31": {
      "product_id": "6924986db181156d272298d8",
      "image_id": "id_013_3_1764005997779.jpg"
    },
    "32": {
      "product_id": "6926baf4e78f830752c33481",
      "image_id": "id_035_1_1764145908791.jpg"
    },
    "33": {
      "product_id": "6926baf4e78f830752c33481",
      "image_id": "id_035_2_1764145908811.jpg"
    },
    "35": {
      "product_id": "6926d38f6086838550430517",
      "image_id": "id_009_2_1764152206670.jpg"
    },
    "36": {
      "product_id": "6926d38f6086838550430517",
      "image_id": "id_009_3_1764152206712.jpg"
    },
    "37": {
      "product_id": "692ef73f05bb87bf7e7bbe5b",
      "image_id": "id_002_1_1764685631447.jpg"
    },
    "38": {
      "product_id": "692ef73f05bb87bf7e7bbe5b",
      "image_id": "id_002_2_1764685631458.jpg"
    },
    "39": {
      "product_id": "692ef73f05bb87bf7e7bbe5b",
      "image_id": "id_002_3_1764685631500.jpg"
    },
    "40": {
      "product_id": "692ef73f05bb87bf7e7bbe5b",
      "image_id": "id_002_4_1764685631506.jpg"
    },
    "41": {
      "product_id": "693979f4445a83de85fdc8bf",
      "image_id": "id_025_1_1765374451946.jpg"
    },
    "42": {
      "product_id": "693979f4445a83de85fdc8bf",
      "image_id": "id_025_2_1765374451960.jpg"
    },
    "57": {
      "product_id": "693a4e2c8e6f34af90e10f72",
      "image_id": "id_1000_a (1)_1765428780187.jpg"
    },
    "59": {
      "product_id": "693a4e4c8e6f34af90e10f8d",
      "image_id": "id_102_1_1765428812871.jpg"
    },
    "60": {
      "product_id": "693a4e4c8e6f34af90e10f8d",
      "image_id": "id_103_3_1765428812896.jpg"
    },
    "61": {
      "product_id": "693a4e728e6f34af90e10fa8",
      "image_id": "id_106_1 (2)_1765428850279.jpg"
    },
    "63": {
      "product_id": "693a4e988e6f34af90e10fc3",
      "image_id": "id_1001_a (3)_1765428888229.jpg"
    },
    "76": {
      "product_id": "693a50e38e6f34af90e11133",
      "image_id": "id_1001_a (2)_1765429475665.jpg"
    },
    "78": {
      "product_id": "693a512d8e6f34af90e11169",
      "image_id": "id_097_3_1765429549769.jpg"
    },
    "80": {
      "product_id": "693a6bd28e6f34af90e112c8",
      "image_id": "z7315549447116_2636332b6a3a7f81c2e4a5a742b3118b_1765436370803.jpg"
    },
    "81": {
      "product_id": "693a6beb8e6f34af90e112e3",
      "image_id": "z7315549562200_8e48196a3644a163a21fc24cef1628ba_1765436395709.jpg"
    },
    "82": {
      "product_id": "693a6c028e6f34af90e11301",
      "image_id": "z7315551027105_cd353501a4b1f89077843f90abc0da8e_1765436418285.jpg"
    },
    "83": {
      "product_id": "693a6c1d8e6f34af90e1131c",
      "image_id": "z7315562228221_57c0aab281bd0a5d3643d96a2f74c693_1765436445031.jpg"
    },
    "84": {
      "product_id": "693a6c378e6f34af90e11337",
      "image_id": "z7315553403401_db2accd6de96b1fda199082633291398_1765436471248.jpg"
    },
    "85": {
      "product_id": "693a6c508e6f34af90e11352",
      "image_id": "z7315554756845_7eee9e8864b86fc690dc8225b15c2bac_1765436496733.jpg"
    },
    "86": {
      "product_id": "693a6d448e6f34af90e11511",
      "image_id": "id_103_3_1765436740523.jpg"
    },
    "87": {
      "product_id": "693a6d768e6f34af90e1152c",
      "image_id": "id_1001_a (1)_1765436790365.jpg"
    },
    "88": {
      "product_id": "693a6ddb8e6f34af90e1159b",
      "image_id": "id_1042_42 (1)_1765436891235.jpg"
    },
    "89": {
      "product_id": "693a6e038e6f34af90e115b6",
      "image_id": "id_1040_40 (2)_1765436931343.jpg"
    },
    "90": {
      "product_id": "693a6e2b8e6f34af90e115d1",
      "image_id": "id_1018_18 (1)_1765436971278.jpg"
    },
    "91": {
      "product_id": "693a6e4c8e6f34af90e115ec",
      "image_id": "id_1018_18 (4)_1765437004763.jpg"
    },
    "92": {
      "product_id": "693a6e888e6f34af90e11607",
      "image_id": "id_1023_23 (2)_1765437064333.jpg"
    }
  }
}