{
  "next_id": 20,
  "mapping": {
    "0": {
      "product_id": "693a71d98e6f34af90e116cf",
      "image_id": "z7315549447116_2636332b6a3a7f81c2e4a5a742b3118b_1765437913044.jpg"
    },
    "2": {
      "product_id": "693a72218e6f34af90e11705",
      "image_id": "z7315549562200_8e48196a3644a163a21fc24cef1628ba_1765437985473.jpg"
    },
    "3": {
      "product_id": "693a723b8e6f34af90e11720",
      "image_id": "z7315551027105_cd353501a4b1f89077843f90abc0da8e_1765438010998.jpg"
    },
    "5": {
      "product_id": "693a72a38e6f34af90e11770",
      "image_id": "z7315562228221_57c0aab281bd0a5d3643d96a2f74c693_1765438115325.jpg"
    },
    "6": {
      "product_id": "693a72c18e6f34af90e11797",
      "image_id": "z7315553403401_db2accd6de96b1fda199082633291398_1765438145266.jpg"
    },
    "7": {
      "product_id": "693a72df8e6f34af90e117be",
      "image_id": "z7315554756845_7eee9e8864b86fc690dc8225b15c2bac_1765438175696.jpg"
    },
    "8": {
      "product_id": "693a730b8e6f34af90e117dc",
      "image_id": "id_097_3_1765438219140.jpg"
    },
    "9": {
      "product_id": "693a732c8e6f34af90e117f7",
      "image_id": "id_1001_a (2)_1765438252420.jpg"
    },
    "10": {
      "product_id": "693a73508e6f34af90e11812",
      "image_id": "id_1001_a (3)_1765438288562.jpg"
    },
    "11": {
      "product_id": "693a73728e6f34af90e1182d",
      "image_id": "id_106_1 (2)_1765438322324.jpg"
    },
    "12": {
      "product_id": "693a73928e6f34af90e11848",
      "image_id": "id_102_1_1765438353931.jpg"
    },
    "13": {
      "product_id": "693a73bc8e6f34af90e11863",
      "image_id": "id_1000_a (1)_1765438395966.jpg"
    },
    "15": {
      "product_id": "693a74388e6f34af90e118a5",
      "image_id": "id_1023_23 (2)_1765438520677.jpg"
    },
    "16": {
      "product_id": "693a74818e6f34af90e118c0",
      "image_id": "id_1018_18 (4)_1765438593256.jpg"
    },
    "17": {
      "product_id": "693a75508e6f34af90e118f5",
      "image_id": "id_1018_18 (1)_1765438800596.jpg"
    },
    "18": {
      "product_id": "693a75738e6f34af90e11910",
      "image_id": "id_1040_40 (1)_1765438835596.jpg"
    },
    "19": {
      "product_id": "693a75bc8e6f34af90e1192b",
      "image_id": "id_1042_42 (1)_1765438908860.jpg"
    }
  }
}