{
  "next_id": 54,
  "mapping": {
    "36": {
      "product_id": "693a787b8e6f34af90e11aad",
      "image_id": "id_1023_23 (2)_1765439611396.jpg"
    },
    "37": {
      "product_id": "693a78928e6f34af90e11ac8",
      "image_id": "id_1018_18 (4)_1765439634219.jpg"
    },
    "38": {
      "product_id": "693a78a98e6f34af90e11ae3",
      "image_id": "id_1018_18 (1)_1765439657819.jpg"
    },
    "39": {
      "product_id": "693a78c28e6f34af90e11afe",
      "image_id": "id_1040_40 (1)_1765439682111.jpg"
    },
    "40": {
      "product_id": "693a78d68e6f34af90e11b19",
      "image_id": "id_1042_42 (1)_1765439702596.jpg"
    },
    "41": {
      "product_id": "693a78f08e6f34af90e11b34",
      "image_id": "id_1001_a (1)_1765439728736.jpg"
    },
    "42": {
      "product_id": "693a792c8e6f34af90e11b4f",
      "image_id": "id_103_3_1765439788273.jpg"
    },
    "43": {
      "product_id": "693a79448e6f34af90e11b6a",
      "image_id": "z7315554756845_7eee9e8864b86fc690dc8225b15c2bac_1765439812569.jpg"
    },
    "44": {
      "product_id": "693a79648e6f34af90e11b85",
      "image_id": "z7315553403401_db2accd6de96b1fda199082633291398_1765439844513.jpg"
    },
    "45": {
      "product_id": "693a797d8e6f34af90e11ba0",
      "image_id": "z7315562228221_57c0aab281bd0a5d3643d96a2f74c693_1765439869126.jpg"
    },
    "46": {
      "product_id": "693a79948e6f34af90e11bbb",
      "image_id": "z7315551027105_cd353501a4b1f89077843f90abc0da8e_1765439892310.jpg"
    },
    "47": {
      "product_id": "693a79af8e6f34af90e11bd6",
      "image_id": "z7315549562200_8e48196a3644a163a21fc24cef1628ba_1765439919525.jpg"
    },
    "48": {
      "product_id": "693a79c48e6f34af90e11bf1",
      "image_id": "z7315549447116_2636332b6a3a7f81c2e4a5a742b3118b_1765439940523.jpg"
    },
    "49": {
      "product_id": "693a79e38e6f34af90e11c0c",
      "image_id": "id_097_3_1765439971539.jpg"
    },
    "50": {
      "product_id": "693a79fb8e6f34af90e11c27",
      "image_id": "id_1001_a (2)_1765439995926.jpg"
    },
    "51": {
      "product_id": "693a7a238e6f34af90e11c45",
      "image_id": "id_1001_a (3)_1765440035833.jpg"
    },
    "52": {
      "product_id": "693a7a598e6f34af90e11c6d",
      "image_id": "id_102_1_1765440089662.jpg"
    },
    "53": {
      "product_id": "693a7a6f8e6f34af90e11c88",
      "image_id": "id_1000_a (1)_1765440111617.jpg"
    }
  }
}